_id,name
674363215cd9f02fe185db9f,sed accumsan
674363215cd9f02fe185dba0,erat vestibulum
674363215cd9f02fe185dba1,nibh in quis justo maecenas
674363215cd9f02fe185dba2,quis lectus suspendisse potenti
674363215cd9f02fe185dba3,primis in faucibus orci
674363215cd9f02fe185dba4,iaculis congue vivamus
674363215cd9f02fe185dba5,in purus eu
674363215cd9f02fe185dba6,quam a odio in hac
674363215cd9f02fe185dba7,justo sit amet
674363215cd9f02fe185dba8,interdum venenatis turpis
674363215cd9f02fe185dba9,sem mauris laoreet ut
674363215cd9f02fe185dbaa,pede justo eu massa donec
674363215cd9f02fe185dbab,maecenas tristique est et
674363215cd9f02fe185dbac,a feugiat
674363215cd9f02fe185dbad,ultrices posuere
674363215cd9f02fe185dbae,morbi porttitor lorem
674363215cd9f02fe185dbaf,accumsan tortor quis
674363215cd9f02fe185dbb0,nibh fusce lacus
674363215cd9f02fe185dbb1,amet nunc viverra
674363215cd9f02fe185dbb2,ut erat
